user_id,name,email,country
101,Rahul,user101@example.com,Canada
102,Arjun,user102@example.com,Australia
103,Aditya,user103@example.com,Canada
104,Sneha,user104@example.com,Germany
105,Aarav,user105@example.com,
106,Karthik,user106@example.com,Germany
107,Arjun,user107@example.com,Germany
108,Karthik,user108@example.com,Canada
109,Rahul,user109@example.com,India
110,Aditya,user110@example.com,India
111,Karthik,user111@example.com,USA
112,Aditya,user112@example.com,USA
113,Sneha,user113@example.com,USA
114,Karthik,user114@example.com,Germany
115,Ananya,user115@example.com,Germany
116,Rahul,user116@example.com,Canada
117,Aditya,user117@example.com,India
118,Aarav,user118@example.com,USA
119,Aarav,user119@example.com,USA
120,Ananya,user120@example.com,UK
121,Aditya,user121@example.com,Germany
122,Aditya,user122@example.com,Germany
123,Aarav,user123@example.com,India
124,Sneha,user124@example.com,Australia
125,Arjun,user125@example.com,UK
126,Sneha,user126@example.com,USA
127,Rahul,user127@example.com,India
128,Arjun,user128@example.com,India
129,Ananya,user129@example.com,UK
130,Rahul,user130@example.com,Australia
131,Aditya,user131@example.com,Germany
132,Aditya,user132@example.com,UK
133,Sneha,user133@example.com,Australia
134,Arjun,user134@example.com,Australia
135,Karthik,user135@example.com,India
136,Sneha,user136@example.com,Canada
137,Aditya,user137-invalid,UK
138,Rahul,user138@example.com,Australia
139,Aditya,user139@example.com,Australia
140,Rahul,user140@example.com,Germany
141,Ananya,user141@example.com,India
142,Karthik,user142@example.com,Canada
143,Aarav,user143@example.com,USA
144,Aarav,user144@example.com,India
145,Aditya,user145@example.com,USA
146,Aarav,user146@example.com,UK
147,Aditya,user147@example.com,Australia
148,Sneha,user148@example.com,UK
149,Sneha,user149@example.com,UK
150,Karthik,user150@example.com,India
151,Aarav,user151@example.com,India
152,Priya,user152@example.com,Australia
153,Karthik,user153@example.com,USA
154,Karthik,user154@example.com,UK
155,Karthik,user155@example.com,UK
156,Karthik,user156@example.com,UK
157,Aarav,user157@example.com,USA
158,Rahul,user158@example.com,USA
159,Aarav,user159@example.com,Australia
160,Priya,user160@example.com,UK
161,Priya,user161@example.com,UK
162,Priya,user162@example.com,USA
163,Karthik,user163@example.com,Canada
164,Priya,user164@example.com,India
165,Sneha,user165@example.com,Germany
166,Aarav,user166@example.com,India
167,Aarav,user167@example.com,India
168,Aditya,user168@example.com,Germany
169,Arjun,user169@example.com,UK
170,Priya,user170@example.com,USA
171,Sneha,user171@example.com,Canada
172,Rahul,user172@example.com,USA
173,Aarav,user173@example.com,India
174,Priya,user174@example.com,India
175,Karthik,user175@example.com,USA
176,Karthik,user176@example.com,Canada
177,Aditya,user177@example.com,India
178,Rahul,user178@example.com,Canada
179,Aditya,user179@example.com,UK
180,Arjun,user180@example.com,UK
181,Rahul,user181@example.com,Germany
182,Rahul,user182@example.com,Australia
183,Priya,user183@example.com,USA
184,Priya,user184@example.com,India
185,Aditya,user185@example.com,UK
186,Sneha,user186@example.com,Australia
187,Ananya,user187@example.com,Australia
188,Aditya,user188@example.com,Canada
189,Arjun,user189@example.com,USA
190,,user190@example.com,USA
191,Aarav,user191@example.com,Australia
192,Priya,user192@example.com,Canada
193,Rahul,user193@example.com,UK
194,Sneha,user194@example.com,UK
195,Sneha,user195@example.com,Canada
196,Ananya,user196@example.com,Australia
197,Sneha,user197@example.com,Germany
198,Karthik,user198@example.com,Australia
199,Karthik,user199@example.com,Germany
200,Aditya,user200@example.com,USA
